Name,Price
AGRITECH,Final
CHAVDA,168.00
AGROPHOS,96.70
NEWJAISA,39.00
JETFREIGHT,85.70
ASHIMASYN,13.05
JETAIRWAYS,19.35
PCJEWELLER,47.45
NKIND,61.35
SUMEETINDS,59.60
BROOKS,3.20
BALKRISHNA,96.35
HCL-INSYS,39.65
YAARI,15.30
SGIL,7.75
UNITEDPOLY,313.95
GILLANDERS,102.00
FMNL,80.75
CYBERMEDIA,5.80
LASA,25.85
PAVNAIND,24.25
ARCHIDPLY,549.40
SWANENERGY,79.15
JMA,492.00
INDIANHUME,107.10
SGL,244.85
DEVIT,14.40
SEYAIND,99.95
BINANIIND,21.90
SEMAC,14.60
RAJESHEXPO,"2,800.00"
OAL,296.90
SINTERCOM,325.85
COMSYN,130.80
ARTNIRMAN,69.60
MACPOWER,66.00
HINDCOPPER,900.00
APCOTEXIND,242.50
INFOMEDIA,418.85
JPOLYINVST,6.60
ENIL,659.25
JHS,276.65
PNC,-
CINEVISTA,51.95
VHL,17.50
VARROC,"2,863.95"
FIBERWEB,460.00
DYNAMATECH,31.95
DAMODARIND,"6,522.35"
SHRADHA,46.45
AVONMORE,58.40
UNITEDTEA,89.00
DANGEE,311.00
WEALTH,9.35
EQUIPPP,529.95
KPIL,25.30
MMP,"1,020.00"
BALPHARMA,239.95
INNOVANA,93.00
JINDWORLD,485.00
TEXMOPIPES,347.00
COMPUSOFT,73.25
AMDIND,23.35
LCCINFOTEC,54.00
KOHINOOR,2.30
AWHCL,36.95
RELINFRA,454.00
SMSPHARMA,191.00
HAVISHA,167.90
ANUP,2.35
SIL,"2,628.85"
SHREYAS,21.50
TVSHLTD,256.75
SATIN,"8,648.00"
ACEINTEG,188.45
HIMATSEIDE,31.50
KHAITANLTD,120.30
ZUARI,64.30
ZOTA,165.00
MANORAMA,468.80
VSTL,315.10
SETCO,237.05
SHREEPUSHK,7.85
KAMATHOTEL,161.85
IRMENERGY,249.80
ALBERTDAVD,453.95
SIMBHALS,"1,067.80"
HARDWYN,24.75
MAHEPC,31.85
BLISSGVS,116.85
KCP,105.25
ESTER,160.90
DAVANGERE,87.95
APEX,96.95
AVG,195.00
SUPRIYA,497.00
SUNDARAM,315.00
GULFPETRO,3.00
KEC,60.45
ELECON,700.95
JAIPURKURT,823.00
GMRINFRA,47.20
POWERMECH,76.35
CHEMCON,"4,665.00"
JSFB,252.00
INDTERRAIN,388.95
GANGESSECU,70.10
SAKAR,113.60
HERANBA,343.65
RESPONIND,310.00
PRIVISCL,276.95
VALIANTORG,"1,023.40"
NGLFINE,398.80
VIJAYA,"2,049.90"
EXCELINDUS,619.15
KAYA,731.00
GOACARBON,314.75
RAMCOSYS,683.80
JAGSNPHARM,270.90
GNA,291.25
APTECHT,393.40
MAHESHWARI,207.25
PANACEABIO,61.75
DCW,134.05
BFINVEST,48.50
NAVKARCORP,506.00
JLHL,80.00
CENTENKA,"1,156.20"
ITALIANE,386.20
AHLEAST,32.00
DTIL,145.95
COASTCORP,188.95
FOODSIN,246.95
MAHAPEXLTD,133.75
ZUARIIND,112.45
CCL,257.70
MEGASTAR,597.90
IPCALAB,280.00
WSTCSTPAPR,"1,147.95"
3IINFOLTD,612.00
INDSWFTLTD,39.55
COCHINSHIP,15.85
MAYURUNIQ,739.95
TTL,499.75
SUNFLAG,122.00
VISHNU,184.10
ARVSMART,253.95
JASH,561.60
KHAICHEM,"1,620.00"
CORALFINAC,67.00
DEEPENR,42.00
OBCL,156.00
AXITA,51.00
AROGRANITE,21.25
ENTERO,42.75
NGIL,"1,004.95"
UJJIVAN,48.80
BPL,475.00
GREAVESCOT,80.90
BAJAJELEC,127.20
ISMTLTD,931.45
TEJASNET,86.00
SHRIRAMPPS,679.95
PAR,97.10
MANAKSIA,205.00
PRUDENT,100.20
MATRIMONY,"1,163.00"
SDBL,517.20
VSSL,222.00
HINDALCO,193.90
AGARIND,512.00
BOROLTD,798.95
ABBOTINDIA,378.95
GENESYS,"27,666.00"
EXPLEOSOL,530.95
XCHANGING,"1,261.65"
MANAPPURAM,107.30
KHANDSE,161.80
FOCUS,27.00
NRBBEARING,173.90
TI,261.00
CHEMPLASTS,185.90
SADHNANIQ,436.35
BURNPUR,66.55
SHIVALIK,5.65
LXCHEM,513.00
SANDESH,229.00
EPACK,"1,095.20"
TATAELXSI,157.00
MAITHANALL,"7,456.75"
SALZERELEC,974.25
APLLTD,644.50
PCBL,927.00
JTLIND,232.90
MGL,177.95
SATIA,"1,230.10"
RADIANTCMS,106.85
JWL,75.95
BHARATGEAR,310.95
MUFTI,101.95
ARIHANTSUP,185.05
ANDHRSUGAR,275.00
PHANTOMFX,96.00
SATINDLTD,436.00
SHARDACROP,86.30
CEREBRAINT,331.80
PGHH,6.85
BLKASHYAP,"15,623.65"
ADANIENT,61.80
KIRIINDUS,"2,927.45"
ALPHAGEO,325.30
RATNAVEER,300.00
CAMPUS,111.80
ROLEXRINGS,223.90
SUNDRMFAST,"1,838.95"
FORCEMOT,"1,034.90"
NUVOCO,"5,899.95"
ITDCEM,300.00
KABRAEXTRU,270.95
SOMICONVEY,305.95
MADHAV,126.90
TASTYBITE,39.70
CYIENT,"12,745.00"
NIPPOBATRY,"1,909.00"
GRINDWELL,599.95
SOLARA,"1,920.50"
NATIONALUM,370.45
AKZOINDIA,137.00
SAURASHCEM,"2,300.50"
DISHTV,98.75
AGI,16.50
IBREALEST,714.00
WONDERLA,99.80
HINDWAREAP,842.05
GAEL,319.90
SAMHI,363.70
RITES,206.35
USHAMART,588.95
RPTECH,279.05
BLS,296.95
GPIL,289.60
TCL,695.20
GRAPHITE,141.00
HONASA,601.75
RKFORGE,380.80
SUNDARMFIN,630.40
ISEC,"3,920.90"
SUNPHARMA,755.95
VIMTALABS,"1,567.25"
DHAMPURSUG,436.00
PFOCUS,218.45
RCF,92.45
5PAISA,121.00
GLOBAL,474.95
ROSSARI,209.65
RELIANCE,687.40
KANSAINER,"2,879.40"
NDTV,260.00
ASHIANA,212.85
BAJAJHCARE,272.45
CHOLAFIN,301.95
SAHYADRI,"1,053.70"
ICEMAKE,332.40
PGINVIT,450.05
BARBEQUE,96.15
NHPC,520.25
GTPL,78.55
SAKHTISUG,158.40
WHEELS,29.70
YUKEN,564.55
RACE,714.50
STOVEKRAFT,337.90
PSPPROJECT,417.70
BALRAMCHIN,608.25
DBOL,349.35
STCINDIA,119.90
RANASUG,120.00
AUTOAXLES,20.05
DHANUKA,"1,799.50"
AIROLAM,987.40
NAVNETEDUL,151.40
BFUTILITIE,131.75
ATULAUTO,703.00
NATCOPHARM,481.00
REPL,938.00
TVTODAY,175.80
NAVA,207.20
DCBBANK,447.00
UNIDT,114.85
ITDC,221.00
HAL,590.10
NFL,"3,053.95"
COALINDIA,85.00
BBTC,419.00
SHANKARA,"1,551.00"
CHENNPETRO,635.70
BOSCHLTD,780.95
CENTUM,"28,429.95"
PNBGILTS,"1,439.95"
BHARTIARTL,100.85
ZYDUSWELL,"1,173.95"
RUCHINFRA,"1,510.00"
ANGELONE,11.40
NEOGEN,"2,445.90"
SYNOPTICS,"1,247.00"
DVL,117.00
JCHAC,333.35
KRSNAA,998.45
GRMOVER,563.05
SHRIPISTON,116.70
LAXMIMACH,"1,449.60"
ENGINERSIN,"13,777.00"
CAPITALSFB,187.45
KELLTONTEC,339.95
NIACL,95.50
SHAKTIPUMP,218.50
BIRLACABLE,"1,165.00"
YATRA,220.45
PALREDTEC,138.10
KIRLOSIND,125.45
ESAFSFB,"3,849.00"
IKIO,56.15
DOLLAR,280.80
SBIN,464.90
VRLLOG,749.90
TREL,529.45
MOLDTECH,43.00
MUNJALSHOW,186.95
GSFC,146.00
SIYSIL,190.00
SAIL,455.00
ATMASTCO,119.10
ASAL,134.00
YASHO,545.00
GALAXYSURF,"1,530.00"
ERIS,"2,355.00"
CIGNITITEC,833.95
ABB,"1,095.80"
CHOICEIN,"5,614.90"
NCLIND,246.80
FSL,182.50
UTIAMC,182.60
SHALBY,813.95
TIMKEN,216.50
JSWHL,"2,581.80"
VADILALIND,"6,300.00"
ARIHANTCAP,"3,214.65"
DLINKINDIA,51.35
RAINBOW,258.50
DPWIRES,"1,107.55"
ENDURANCE,422.00
DCXINDIA,"1,731.20"
BTML,247.45
VGUARD,162.50
NESTLEIND,306.95
APOLLOTYRE,"2,590.00"
BAIDFIN,493.35
ZYDUSLIFE,19.85
SUDARSCHEM,970.95
RTNINDIA,551.00
DEEPAKFERT,65.55
HINDPETRO,461.00
AVADHSUGAR,485.00
WHIRLPOOL,562.10
KITEX,"1,262.40"
IBULHSGFIN,181.30
NECCLTD,160.35
CANTABIL,23.05
ADANIENSOL,185.00
AMRUTANJAN,950.00
BSHSL,604.95
PRSMJOHNSN,189.00
TATVA,165.40
BHINVIT,"1,209.95"
INTELLECT,103.50
CUB,"1,132.00"
MEDPLUS,127.05
ASTEC,666.55
TEGA,"1,054.35"
NOVAAGRI,"1,160.00"
NSLNISP,51.95
HINDOILEXP,52.00
INFY,159.45
ANDHRAPAP,"1,614.40"
HEIDELBERG,495.00
AARTIDRUGS,193.50
VENKEYS,452.55
RHIM,"1,609.00"
KRITI,513.65
GEOJITFSL,123.40
EIDPARRY,62.20
HCLTECH,554.95
MANYAVAR,"1,634.00"
CAMLINFINE,910.20
DHANI,102.40
UCAL,34.20
ARIES,138.20
NUVAMA,242.00
TRIDENT,"3,814.85"
GANDHAR,35.60
AWL,215.05
PRECWIRE,333.00
RENUKA,114.45
ASTRAZEN,40.00
FINOPB,"5,099.80"
THEJO,282.60
GUJALKALI,"2,120.00"
CGPOWER,707.70
TITAN,462.00
MANINFRA,"3,629.95"
HDFCBANK,171.10
UJJIVANSFB,"1,462.10"
ORIENTCER,44.90
SPAL,45.05
ASALCBR,556.60
TCS,465.35
NURECA,"4,153.45"
ZEEL,286.00
MARUTI,145.40
JINDALSTEL,"11,401.75"
KANORICHEM,764.95
TRU,103.00
ROUTE,52.00
FIEMIND,"1,570.95"
JKCEMENT,"1,016.95"
PDMJEPAPER,"4,090.00"
KICL,55.50
DYCL,"3,611.00"
DALBHARAT,349.95
JUBLFOOD,"1,827.00"
ARVINDFASN,431.35
STEL,426.45
AEGISCHEM,285.00
TTML,362.95
RUSTOMJEE,74.25
PGEL,596.00
INGERRAND,"1,490.70"
GMDCLTD,"3,460.00"
ACL,324.00
TCNSBRANDS,83.45
RSWM,334.15
GRSE,169.70
HLEGLAS,686.20
KINGFA,445.65
PAGEIND,"1,529.90"
KECL,"34,049.95"
DATAMATICS,99.70
WORTH,504.00
TATATECH,102.00
NAZARA,"1,037.95"
SEQUENT,631.00
KOKUYOCMLN,114.50
SANOFI,116.00
SPANDANA,"8,031.95"
DMCC,840.05
MARKSANS,257.00
GRASIM,133.00
ADANIPORTS,"2,149.90"
JTEKTINDIA,"1,210.00"
CYBERTECH,140.00
AMBIKCO,143.15
JYOTICNC,"1,449.95"
GLAXO,582.00
MRF,"1,926.95"
LICI,"1,39,100.00"
INDIAGLYCO,910.00
GICHSGFIN,760.00
MUTHOOTMF,197.20
ORIENTCEM,199.50
OPTIEMUS,202.00
CENTURYTEX,263.85
SIEMENS,"1,344.80"
BSE,"4,650.95"
SUMICHEM,"2,012.00"
ATUL,339.40
GRAVITA,"5,995.95"
GOKEX,741.00
STYLAMIND,716.00
GARFIBRES,"1,476.80"
CELLO,"3,221.15"
SUNTV,723.40
GABRIEL,585.75
FMGOETZE,277.75
KALAMANDIR,322.80
SUPREMEIND,177.40
FAIRCHEMOR,"3,719.20"
NRL,"1,193.25"
TNPETRO,97.25
MANGLMCEM,79.55
SURYAROSNI,652.35
LUMAXTECH,477.70
SPECIALITY,415.70
EDELWEISS,172.75
VERANDA,65.30
MAHSCOOTER,180.00
FIVESTAR,"6,876.70"
BEPL,609.90
KREBSBIO,82.40
ALLCARGO,64.45
LATENTVIEW,69.10
HONAUT,443.55
RADIOCITY,"36,442.60"
MGEL,16.20
SHALPAINTS,17.95
CERA,157.00
VETO,"7,026.30"
IDFC,110.40
THEINVEST,108.90
GHCLTEXTIL,122.00
RVNL,72.75
SUVIDHAA,222.60
GANDHITUBE,5.40
MARICO,683.90
GOLDENTOBC,496.15
MENONBE,52.15
OIL,109.55
BASML,573.80
MAANALU,38.25
SHILPAMED,140.00
UBL,405.35
TCIEXP,"1,687.85"
MVGJL,"1,001.40"
SMSLIFE,186.70
ASKAUTOLTD,602.90
JITFINFRA,243.55
ATL,486.55
UNIVCABLES,52.00
AVTNPL,394.95
BALAMINES,82.25
SASTASUNDR,"2,041.05"
SOLARINDS,287.15
SCHAEFFLER,"7,346.25"
APOLLOHOSP,"2,769.40"
20MICRONS,"6,008.40"
FRETAIL,137.10
CLEAN,2.50
HMT,"1,290.15"
BANDHANBNK,45.00
GICRE,178.70
WESTLIFE,317.40
ASAHISONG,715.80
FINCABLES,304.50
SMLISUZU,844.10
GMBREW,"1,779.55"
INDORAMA,584.20
RAMASTEEL,40.25
METROPOLIS,33.75
GSLSU,"1,587.80"
BCLIND,224.45
BALAXI,53.30
IIFLSEC,486.30
THOMASCOOK,115.45
NIITLTD,142.75
BLUEDART,102.05
TATAPOWER,"5,696.25"
BIRLACORPN,371.95
EASEMYTRIP,"1,434.65"
3MINDIA,41.65
GLOBUSSPR,"30,246.55"
INDIGOPNTS,723.15
SOUTHWEST,"1,308.65"
SAFARI,100.15
WEWIN,"1,711.55"
LGBBROSLTD,64.75
ASTRON,"1,120.75"
TRIVENI,23.60
BRNL,307.80
PEL,56.00
IDEAFORGE,822.85
SPTL,691.95
MONTECARLO,1.10
GOENKA,636.05
SHREECEM,0.85
KOTARISUG,"24,360.35"
BAJFINANCE,48.80
RUSHIL,"6,456.15"
CROMPTON,292.55
SURANAT&P,277.15
BCG,14.90
IVC,15.80
EMKAY,8.85
SITINET,112.30
GRANULES,0.65
BPCL,412.15
OCCL,597.75
IGPL,687.25
UCOBANK,414.80
BIRLAMONEY,48.15
FLFL,92.55
VERTOZ,2.45
HAPPSTMNDS,716.45
SCHAND,785.15
PREMEXPLN,227.65
CRISIL,"1,339.00"
IFGLEXPOR,"4,883.80"
CREST,482.10
FEDFINA,395.25
HARSHA,113.30
ADORWELD,369.75
GREENCHEF,"1,385.30"
GOYALALUM,70.70
MANALIPETC,8.85
MAHLOG,57.90
BEARDSELL,394.55
PGHL,35.60
SRF,"4,882.75"
MRO-TEK,"2,386.00"
ZODIACLOTH,58.05
SOBHA,106.10
ZAGGLE,"1,268.00"
BAYERCROP,293.30
AAVAS,"5,030.15"
JAYSREETEA,"1,339.65"
KUANTUM,93.95
GOODLUCK,146.70
M&M,788.90
TTKPRESTIG,"1,853.70"
TERASOFT,699.30
EVERESTIND,52.15
LEMONTREE,"1,091.20"
SICALLOG,125.00
SAH,190.50
LINDEINDIA,87.65
ZEEMEDIA,"6,057.95"
OSWALGREEN,10.45
PURVA,28.65
DELTACORP,177.50
CONCOR,118.25
RATNAMANI,862.45
MANINDS,"2,609.35"
LOKESHMACH,334.85
TEXRAIL,288.05
IDEA,145.10
SAMBHAAV,12.40
HAVELLS,5.20
BSL,"1,474.05"
EPIGRAL,169.85
EXICOM,969.35
OSWALSEEDS,177.05
HAPPYFORGE,30.80
UGARSUGAR,835.65
SUNDARMHLD,67.85
JISLJALEQS,189.30
ZIMLAB,44.55
TBZ,94.25
PTC,99.55
HINDZINC,167.20
ABSLAMC,301.80
ARE&M,471.75
KANANIIND,783.15
TMB,3.90
KALYANIFRG,453.40
SRHHYPOLTD,435.70
SHAILY,482.25
WENDT,462.60
EXCEL,"11,157.15"
HCC,0.50
FEL,32.00
LAGNAM,0.70
PTL,107.50
KBCGLOBAL,38.05
IGARASHI,1.85
ECLERX,418.70
ALKYLAMINE,"2,334.30"
PREMIERPOL,"1,975.10"
VAKRANGEE,172.25
AJANTPHARM,19.45
HESTERBIO,"2,110.70"
DODLA,"1,305.30"
INDIACEM,819.55
FSC,196.05
EIHAHOTELS,8.90
SFL,639.90
SCPL,948.70
INDOTECH,339.95
TFL,847.70
COFFEEDAY,9.50
VLSFINANCE,50.60
AEROFLEX,232.30
GANESHBE,116.55
AETHER,169.90
HINDMOTORS,786.95
PRINCEPIPE,15.60
HONDAPOWER,530.20
ADSL,"2,216.55"
YESBANK,128.45
MURUDCERA,20.95
HERITGFOOD,43.35
DOMS,308.90
HIL,"1,405.70"
FINEORG,"2,686.30"
NH,"4,100.05"
MCDOWELL-N,"1,187.60"
HATSUN,"1,109.25"
ASIANPAINT,"1,103.00"
HGINFRA,"2,860.00"
KSL,875.90
GLS,856.00
PARAS,688.25
JSL,624.50
GNFC,618.70
UPL,598.00
PDSL,451.85
CHEMBOND,447.90
IGL,447.00
VSTTILLERS,407.50
EVEREADY,"3,025.05"
STERTOOLS,323.70
MCX,322.25
SESHAPAPER,"3,210.10"
ICIL,304.50
BASF,294.75
TNPL,"3,163.00"
RALLIS,250.20
DMART,240.60
FINPIPE,"3,966.95"
KIRLOSBROS,207.25
CASTROLIND,992.25
KARURVYSYA,191.50
IRBINVIT,170.15
APLAPOLLO,67.15
RAMCOCEM,"1,492.00"
LINC,790.00
RAILTEL,466.00
TAJGVK,308.15
SIS,303.90
SURYODAY,446.95
TATASTEEL,147.10
AHL,143.60
MUTHOOTFIN,277.00
PETRONET,"1,350.00"
JBCHEPHARM,263.65
VEDL,"1,550.95"
RUCHIRA,251.80
SBICARD,114.20
LALPATHLAB,685.00
RSYSTEMS,"2,011.00"
RBL,434.95
KPRMILL,652.00
LAOPALA,759.95
MANGCHEFER,302.75
BIKAJI,100.90
SUNTECK,502.95
RAMCOIND,399.70
SOMANYCERA,197.50
GATEWAY,570.50
YATHARTH,93.65
SILINV,374.00
NAHARSPING,462.00
AUROPHARMA,274.65
GOLDIAM,"1,005.00"
JIOFIN,167.40
SKFINDIA,328.00
GMMPFAUDLR,"4,090.00"
HCG,"1,270.00"
MHRIL,315.00
KTKBANK,378.75
TVSSCS,226.60
SBGLP,149.80
SYNGENE,744.95
MAZDOCK,670.00
KEI,"1,857.70"
BRITANNIA,"3,003.50"
PIXTRANS,"4,853.25"
KOLTEPATIL,"1,268.00"
ORISSAMINE,415.45
GUJGASLTD,"5,690.00"
GESHIP,528.00
POLYMED,909.00
PIDILITIND,"1,395.00"
INDIGO,"2,820.95"
IOLCP,"3,110.00"
ITI,354.05
CREDITACC,233.55
ACC,"1,310.00"
ORIENTHOT,"2,387.00"
IOB,113.45
NILKAMAL,56.50
ALLSEC,"1,779.75"
POWERGRID,714.45
GRPLTD,264.05
NITINSPIN,"5,500.00"
TARSONS,304.55
SUPRAJIT,405.00
CEATLTD,399.75
SENCO,"2,494.75"
BLUESTARCO,711.75
EPL,"1,265.45"
EQUITASBNK,183.65
PFIZER,91.50
RECLTD,"4,262.25"
MOIL,448.00
BORORENEW,265.60
TIIL,483.90
VIPIND,"1,583.90"
ITC,469.75
JSWSTEEL,421.95
SHIVAMILLS,792.00
SYRMA,83.00
KRISHANA,456.00
GUFICBIO,247.80
ASTRAMICRO,283.00
ABFRL,521.00
MOL,200.10
JINDRILL,78.00
IDBI,539.90
JKPAPER,76.60
DEVYANI,341.60
SBFC,147.65
TANLA,73.25
LOVABLE,803.40
RELIGARE,109.50
BIOCON,217.45
GOKUL,252.50
MFSL,36.00
MINDTECK,950.60
LAURUSLABS,171.80
DCMSHRIRAM,400.00
RKSWAMY,861.85
PFC,232.00
M&MFIN,397.00
MTNL,264.00
GLAND,32.80
PIIND,"1,688.00"
AMBER,"3,575.05"
PANAMAPET,"3,549.00"
GREENLAM,304.00
RADHIKAJWE,451.45
CONFIPET,58.35
AVANTIFEED,85.00
KAJARIACER,475.00
INDIANB,"1,200.05"
KMSUGAR,500.30
VINDHYATEL,27.65
CENTRALBK,"2,009.00"
MOLDTKPAC,54.00
KESORAMIND,802.85
AXISCADES,160.50
CAMS,503.85
LTIM,"2,739.60"
RIIL,"5,184.95"
AFFLE,"1,176.75"
SUTLEJTEX,"1,020.00"
ADVANIHOTR,51.00
TVSSRICHAK,149.95
VAIBHAVGBL,"3,933.40"
MUKANDLTD,359.50
COLPAL,143.00
NAVINFLUOR,"2,566.95"
BHEL,"2,918.05"
RICOAUTO,224.80
CONCORDBIO,110.70
JSWENERGY,"1,370.00"
PRAKASH,460.00
LUXIND,131.00
NEULANDLAB,"1,114.00"
ZENSARTECH,"5,630.00"
NETWORK18,523.95
MAZDA,82.95
REFEX,"1,140.00"
AIAENG,620.00
KRBL,"3,621.00"
VSTIND,283.95
COROMANDEL,"3,539.95"
XPROINDIA,"1,074.00"
SULA,"1,030.05"
STLTECH,505.00
FACT,116.50
ICICIPRULI,591.85
ABCAPITAL,572.05
KOTAKBANK,170.95
NELCO,"1,725.00"
MANGALAM,698.80
SIGACHI,93.80
JUBLINGREA,56.20
JINDALSAW,427.30
MAXHEALTH,390.00
TIINDIA,742.45
INDOSTAR,"3,446.00"
SREEL,185.05
JMFINANCIL,275.00
SHRIRAMFIN,73.00
ESCORTS,"2,315.00"
SIRCA,"2,705.30"
CIPLA,301.00
HEG,"1,467.10"
IVP,"1,722.40"
CDSL,153.00
EMAMILTD,"1,679.70"
RAMRAT,436.00
TVSMOTOR,250.90
PNBHOUSING,"2,139.85"
GOCOLORS,610.00
AMJLAND,"1,026.30"
RUPA,32.50
INDHOTEL,240.00
TORNTPOWER,543.00
SJS,"1,132.40"
METROBRAND,601.95
SYMPHONY,"1,038.00"
KSCL,828.00
RUBYMILLS,652.50
GEPIL,186.00
ONMOBILE,247.00
ISFT,61.70
LT,123.00
SEAMECLTD,"3,527.05"
ACE,"1,075.00"
VISHWARAJ,"1,074.95"
HINDUNILVR,15.00
BANCOINDIA,"2,304.85"
HBLPOWER,520.00
AURUM,400.05
HUHTAMAKI,132.60
CGCL,294.00
UTTAMSUGAR,204.25
GODREJIND,335.20
ATGL,756.05
DRREDDY,870.00
SBILIFE,"6,282.00"
MUTHOOTCAP,"1,482.20"
HOMEFIRST,281.00
VBL,815.05
ICICIBANK,"1,388.85"
WINDMACHIN,"1,080.00"
CAPLIPOINT,68.05
CAPACITE,"1,267.00"
UNIPARTS,214.85
XELPMOC,509.00
OBEROIRLTY,107.00
HIKAL,"1,295.00"
MASTEK,266.80
GMRP&UI,"2,610.05"
PARKHOTELS,39.90
SJLOGISTIC,172.25
BANKBARODA,261.00
BBTCL,259.90
IMPAL,259.00
KAMOPAINTS,943.00
POLYCAB,164.50
TEXINFRA,"4,760.00"
L&TFH,87.40
TECHM,147.00
RELAXO,"1,272.00"
OFSS,802.70
GAIL,"8,000.00"
HARIOMPIPE,168.00
PITTIENG,450.60
BCONCEPTS,681.05
LTFOODS,719.90
SPIC,161.90
GVPTECH,69.35
MPHASIS,11.55
VESUVIUS,"2,365.00"
GODREJAGRO,"3,111.50"
ROSSELLIND,490.00
SONATSOFTW,349.70
ORCHPHARMA,737.00
OLECTRA,970.00
TORNTPHARM,"1,582.95"
VPRPL,"2,652.00"
NTPC,144.00
BOHRAIND,321.05
MIRZAINT,22.00
PVRINOX,44.00
CANBK,"1,299.05"
JAMNAAUTO,534.00
MAHABANK,108.95
WABAG,53.95
COFORGE,656.00
SHOPERSTOP,"6,145.00"
CUMMINSIND,713.55
REDINGTON,"2,663.40"
DALMIASUG,191.00
INDIAMART,350.00
BERGEPAINT,"2,504.95"
BAJAJFINSV,554.10
HEUBACHIND,"1,565.60"
VINYLINDIA,435.00
ESABINDIA,330.50
AMIORG,"4,848.00"
ORIENTPPR,"1,015.00"
BLUEJET,41.00
MITCON,334.75
EICHERMOT,111.10
ASAHIINDIA,"3,717.00"
AXISBANK,510.00
DLF,"1,075.00"
TATACHEM,826.00
IFBIND,"1,091.95"
MALUPAPER,"1,333.20"
MEDICO,39.50
FLUOROCHEM,78.45
SPLPETRO,"3,211.00"
BDL,594.70
VOLTAS,"1,582.00"
ASTERDM,"1,037.10"
ADANIGREEN,411.00
SHK,"1,716.00"
STARPAPER,169.80
JINDALPOLY,216.50
POWERINDIA,480.00
LGBFORGE,"6,335.85"
EKC,9.00
INDOCO,116.45
HEMIPROP,321.05
ELGIEQUIP,169.00
DSSL,621.30
PYRAMID,705.00
MSTCLTD,141.00
DABUR,772.45
DOLATALGO,517.00
INDOBORAX,61.25
DIVISLAB,148.60
LTTS,"3,460.00"
LOYALTEX,"5,125.05"
AKSHOPTFBR,494.00
DWARKESH,8.65
BSOFT,77.60
EMAMIPAP,719.10
RBA,111.25
MOTILALOFS,101.30
DEEPINDS,"1,392.50"
IZMO,239.95
CARBORUNIV,247.70
NACLIND,"1,054.45"
THERMAX,57.40
SHYAMMETL,"3,607.05"
GRINFRA,541.00
ORIENTELEC,"1,206.05"
ALKEM,194.50
PTCIL,"4,915.00"
WINDLAS,"7,117.70"
ADVENZYMES,485.00
AARTIIND,348.50
IRCTC,616.00
CANFINHOME,875.05
UFLEX,716.85
WIPRO,403.00
MARATHON,501.15
BAJAJ-AUTO,452.25
RAMANEWS,"8,330.50"
WTICAB,15.30
GFLLIMITED,160.00
MINDACORP,68.40
TIDEWATER,380.00
BALMLAWRIE,"1,389.55"
POONAWALLA,205.00
INDUSTOWER,462.30
UTKARSHBNK,234.85
FOSECOIND,45.45
63MOONS,"3,050.00"
NIITMTS,381.00
POKARNA,491.05
LICHSGFIN,431.00
DIAMONDYD,586.50
AMBUJACEM,963.00
TRITURBINE,555.50
AUBANK,458.00
NAUKRI,573.00
SARDAEN,"5,072.50"
BEL,182.00
CRAFTSMAN,189.00
DEEPAKNTR,"3,825.00"
ICICIGI,"2,051.00"
VINATIORGA,"1,631.95"
GILLETTE,"1,560.05"
NSIL,"6,330.00"
SOTL,"3,072.10"
SUVENPHAR,396.00
SVPGLOB,628.00
VMART,7.05
MIDHANI,"1,873.10"
MTARTECH,351.50
JKTYRE,"1,700.00"
MAPMYINDIA,430.05
MBLINFRA,"1,611.05"
MSUMI,40.95
CLEDUCATE,61.10
KIRLOSENG,80.20
GPPL,755.00
RAIN,173.10
ELIN,152.95
SUKHJITS,131.00
KANPRPLA,417.10
DIXON,97.05
JKIL,"6,553.20"
TATAMTRDVR,542.45
RML,638.00
GRWRHITECH,640.20
LUPIN,"1,590.00"
HATHWAY,"1,591.00"
SASKEN,19.00
CHAMBLFERT,"1,398.05"
SMARTLINK,335.10
SJVN,158.00
FDC,100.40
EROSMEDIA,420.40
PPLPHARMA,18.60
DELHIVERY,117.75
HNDFDS,420.05
DPABHUSHAN,473.00
MANORG,700.00
WELENT,304.95
AHLADA,285.00
IEX,96.05
TATACOMM,132.00
GREENPANEL,"1,870.00"
DENORA,327.55
ATFL,"1,392.15"
RKEC,653.45
TATAMOTORS,76.05
VENUSREM,964.95
CONSOFINVT,285.10
EMSLIMITED,215.00
CMSINFO,366.00
BHARATRAS,376.00
SUBROS,"8,400.00"
POLYPLEX,491.00
ACI,766.80
GLENMARK,602.00
ALEMBICLTD,890.55
MOREPENLAB,78.90
FORTIS,39.00
BAJAJHIND,382.10
CLSEL,27.60
CONTROLPR,204.00
IDFCFIRSTB,887.05
AARTISURF,76.80
SANGHIIND,570.00
GODREJCP,98.00
MEGASOFT,"1,185.05"
JSWINFRA,70.00
VTL,213.50
PODDARMENT,400.00
KHADIM,330.05
TCI,303.00
LIBERTSHOE,765.05
JAYAGROGN,260.00
KSHITIJPOL,205.00
NAM-INDIA,5.25
ASTRAL,441.00
NMDC,"1,982.25"
SONAMAC,203.50
SOUTHBANK,130.00
ASHOKA,26.00
INDIGRID,144.60
BATAINDIA,130.10
ORICONENT,"1,390.00"
TEMBO,30.60
SHANTI,270.00
CARERATING,15.20
COSMOFIRST,"1,085.00"
SAGCEM,458.00
DELAPLEX,210.00
GINNIFILA,200.00
LLOYDSME,30.00
J&KBANK,535.00
RPSGVENT,118.90
STARHEALTH,625.40
RITCO,540.00
CSBBANK,191.20
SAREGAMA,332.40
LIKHITHA,342.05
MBAPL,238.10
TDPOWERSYS,238.00
STYRENIX,262.05
DJML,"1,291.00"
SHREYANIND,134.60
KSOLVES,197.00
ZOMATO,"1,040.35"
PARAGON,147.10
HITECH,109.10
ETHOSLTD,109.00
MRPL,"2,550.00"
ASHOKLEY,187.00
EMMBI,158.10
SANGAMIND,88.25
NOCIL,366.90
PENINLAND,222.00
IIFL,45.80
SANSERA,380.00
UNOMINDA,919.55
PRAJIND,614.00
BALKRISIND,450.00
PLAZACABLE,"2,260.00"
AGSTRA,80.00
ONGC,66.50
BEML,252.50
TRENT,"2,705.05"
TRACXN,"3,900.00"
RAJSREESUG,79.30
APTUS,57.05
ASHOKAMET,307.05
BANKINDIA,21.90
ONWARDTEC,127.00
NAHARPOLY,436.00
GPTHEALTH,183.00
PAKKA,143.55
NYKAA,252.00
DIAMINESQ,147.70
NECLIFE,502.05
PNCINFRA,30.05
HDFCLIFE,385.95
EXXARO,603.00
ASIANTILES,93.65
EXIDEIND,51.00
IRISDOREME,297.20
ALICON,72.10
UGROCAP,791.00
SERVOTECH,219.75
THANGAMAYL,76.00
POLICYBZR,"1,200.00"
GULFOILLUB,"1,063.00"
GSPL,860.00
SECURCRED,331.95
JAYBARMARU,16.35
NESCO,102.00
KFINTECH,756.00
PARADEEP,555.00
VIRINCHI,68.15
FILATEX,32.05
ACCELYA,52.00
GHCL,"1,600.00"
SUMMITSEC,448.00
IMAGICAA,"1,135.00"
VALIANTLAB,70.85
GANECOS,141.00
HEROMOTOCO,910.05
PATINTLOG,"4,455.00"
DEN,19.40
IOC,46.25
DBCORP,161.25
WELSPUNLIV,245.00
SKMEGGPROD,133.80
VIPCLOTHNG,223.50
KALYANKJIL,34.00
NATHBIOGEN,385.00
GOCLCORP,177.00
WOCKPHARMA,386.65
SHAREINDIA,516.85
INFIBEAM,"1,605.00"
EMAMIREAL,33.50
GULPOLY,85.60
LINCOLN,160.00
DREAMFOLKS,555.00
HERCULES,482.50
JAGRAN,441.20
SHREDIGCEM,90.90
INDBANK,93.60
APOLLOPIPE,39.50
MEDIASSIST,620.00
RAJRATAN,448.00
IONEXCHANG,590.05
INTLCONV,440.25
DIL,71.00
DBL,7.10
HDFCAMC,381.00
HTMEDIA,"3,585.05"
QUICKHEAL,24.55
BODALCHEM,501.75
MPSLTD,76.65
BHARATFORG,"1,490.35"
ELGIRUBCO,"1,111.00"
UNICHEMLAB,45.05
PATELENG,480.00
GEECEE,51.50
ULTRACEMCO,247.00
VARDHACRLC,"9,455.00"
UNIONBANK,51.05
PARAGMILK,139.50
TEAMLEASE,190.05
MODISONLTD,"2,805.00"
3PLAND,98.05
GODREJPROP,27.00
DHARMAJ,"2,173.00"
PEARLPOLY,198.65
RADICO,26.85
GOKULAGRO,"1,502.00"
HMVL,97.20
PUNJABCHEM,86.90
QUESS,928.50
NELCAST,472.50
RGL,123.05
PHOENIXLTD,103.00
SHEMAROO,"2,551.00"
LORDSCHLO,132.55
EMUDHRA,112.65
DYNPRO,581.30
AARON,277.20
PRECAM,250.55
SHANTIGEAR,181.15
ARTEMISMED,486.65
RPGLIFE,141.30
RRKABEL,"1,370.15"
BHAGCHEM,"1,337.25"
FCL,"1,540.40"
BHAGERIA,338.25
LANDMARK,141.20
CHEVIOT,692.70
KIRLPNU,"1,243.65"
INFOBEAN,623.25
ADFFOODS,377.10
INDNIPPON,180.35
KOPRAN,603.25
MEDICAMEQ,216.35
INNOVACAP,363.80
UMANGDAIRY,471.95
DCMSRIND,75.15
NLCINDIA,163.30
TPLPLASTEH,199.10
AUTOIND,52.05
AJMERA,113.80
PNB,585.25
EIHOTEL,117.00
SMCGLOBAL,380.10
HIGREEN,110.40
UFO,152.20
INOXINDIA,116.55
SARLAPOLY,"1,080.00"
BRIGADE,51.45
SPLIL,845.00
VENUSPIPES,54.60
KCPSUGIND,"1,485.00"
MOTHERSON,31.95
MAWANASUG,108.50
ROHLTD,86.05
RBLBANK,325.00
VIDHIING,226.85
PERSISTENT,425.10
STEELCAS,"8,000.00"
ISGEC,590.00
PROZONER,810.00
CENTURYPLY,27.90
JOCIL,639.95
NDLVENTURE,163.00
TATACONSUM,92.10
HMAAGRO,"1,160.05"
ATAM,49.00
KNRCON,147.00
CARYSIL,241.60
KIOCL,894.90
HEXATRADEX,366.00
CELEBRITY,145.00
RAYMOND,14.90
ALKALI,"1,600.00"
SNOWMAN,98.15
CARTRADE,56.50
TRIGYN,630.35
BETA,98.00
SAPPHIRE,"1,065.05"
AMBICAAGAR,"1,367.80"
ARENTERP,26.60
SANDHAR,38.25
DELPHIFX,450.05
HFCL,223.45
FEDERALBNK,82.30
OSWALAGRO,146.00
NIRAJ,34.75
MADRASFERT,37.50
BAJAJHLDNG,77.75
PSB,"8,225.00"
TIMETECHNO,54.25
SSWL,190.10
PONNIERODE,226.00
DONEAR,367.05
SPARC,90.00
JBMA,351.05
FAZE3Q,"1,679.95"
REDTAPE,350.00
ASMS,540.00
SIGNPOST,19.05
CHOLAHLDNG,361.00
SPORTKING,"1,030.15"
DECCANCE,738.00
PRITI,524.20
ARMANFIN,156.05
MIRCELECTR,"1,755.00"
TCPLPACK,18.50
SUBEXLTD,"2,236.00"
IRB,29.00
MALLCOM,50.00
BLSE,820.00
ATALREAL,274.95
RAJRILTD,15.70
ACLGATI,26.15
HILTON,96.75
SANGHVIMOV,114.00
INDOAMIN,987.00
MAXESTATES,108.50
LPDC,245.10
UMESLTD,7.70
BBL,5.10
ROXHITECH,"4,765.05"
IMFA,101.70
ANANTRAJ,523.00
FUSION,281.00
VOLTAMP,444.00
HGS,"7,320.20"
GODFRYPHLP,780.00
MMFL,"2,875.00"
ANURAS,856.00
JUBLPHARMA,895.95
PASUPTAC,538.05
CESC,34.50
ROTO,110.20
PRICOLLTD,324.95
MAHLIFE,332.05
SONACOMS,515.15
DCAL,629.30
SAKUMA,195.10
INDUSINDBK,21.40
ANMOL,"1,471.55"
KDDL,44.80
CENTRUM,"2,214.00"
AARTIPHARM,25.70
SECURKLOUD,407.95
SHARDAMOTR,44.00
FROG,"1,181.05"
BAJAJCON,135.00
PLASTIBLEN,205.50
DPSCLTD,227.15
GIPCL,15.90
DHUNINV,152.05
KPITTECH,"1,036.00"
AHLUCONT,"1,385.05"
SINDHUTRAD,999.05
HISARMETAL,18.00
WSI,159.00
NAHARINDUS,125.00
GREENPLY,113.80
TIRUMALCHM,218.55
CHEMFAB,204.15
BIOFILCHEM,551.30
SURAJEST,55.05
KIMS,280.25
MANKIND,"1,950.00"
360ONE,"2,020.00"
THEMISMED,682.00
PATANJALI,207.50
FLAIR,"1,318.05"
RISHABH,246.10
ARVIND,404.95
STEELCITY,248.10
KSB,69.55
ANANDRATHI,"3,496.70"
JAICORPLTD,"3,736.85"
BHAGYANGR,249.05
SPCENET,77.40
LAXMICOT,25.70
APARINDS,25.70
DBSTOCKBRO,"5,648.95"
HINDCOMPOS,42.60
CYIENTDLM,378.75
BOMDYEING,662.00
VASCONEQ,137.55
JYOTHYLAB,55.00
NCC,390.40
DCI,206.00
ALPA,180.00
SIGNATURE,81.00
SIGIND,"1,144.30"
ARROWGREEN,58.00
INDIASHLTR,340.30
REPCOHOME,558.00
DELTAMAGNT,366.50
CMMIPL,84.25
SAKSOFT,2.05
LIBAS,213.05
HITECHGEAR,16.00
SPENCERS,441.25
PILANIINVS,87.35
JUSTDIAL,"3,150.10"
USK,768.00
SHYAMCENT,49.00
IFBAGRO,17.60
LYKALABS,411.50
JSLL,106.25
JGCHEM,690.00
BECTORFOOD,180.00
TITAGARH,975.00
SKIPPER,810.05
PENIND,251.35
RAMKY,106.90
PRESTIGE,430.00
IRFC,"1,093.00"
INSPIRE,120.90
INDIANCARD,32.45
SAHANA,233.70
MOHITIND,635.00
UDS,17.50
AZAD,302.00
ORIANA,"1,185.00"
BANKA,616.00
NAHARCAP,100.00
SUVEN,277.10
ORBTEXP,96.30
HLVLTD,147.10
DREDGECORP,22.10
DATAPATTNS,619.65
JKLAKSHMI,"2,120.25"
POCL,772.15
GENUSPAPER,582.00
GANESHHOUC,16.55
GTLINFRA,668.95
CIEINDIA,1.65
KAMDHENU,406.80
MASFIN,508.00
WELCORP,269.45
INDRAMEDCO,480.10
TECHNOE,156.50
KAYNES,623.15
LODHA,"2,700.00"
INTENTECH,982.00
WEIZMANIND,105.10
OMINFRAL,85.50
KAVVERITEL,120.10
MEDANTA,11.00
DIVGIITTS,"1,115.00"
HPL,675.05
APOLSINHOT,279.95
SELAN,"1,597.00"
MANAKALUCO,407.50
AUROIMPEX,24.30
STEELXIND,72.55
HPAL,12.00
SANDUMA,92.55
ELECTCAST,335.30
BANARISUG,138.60
JUNIPER,"2,252.00"
RELCHEMQ,396.25
IRCON,181.00
KEEPLEARN,179.10
TALBROAUTO,4.40
MANAKCOAT,222.00
SYSTANGO,29.15
ALPEXSOLAR,269.00
LLOYDSENGG,250.00
GATECH,42.15
TVSELECT,1.45
BASILIC,242.00
BAJEL,312.60
LAMBODHARA,175.55
BHARATWIRE,140.55
IFCI,258.20
MMTC,36.35
GENUSPOWER,63.85
ORIENTBELL,205.95
PPL,305.30
KERNEX,321.00
KOTHARIPET,535.55
GEEKAYWIRE,109.10
NRAIL,75.00
HEADSUP,372.65
JPASSOCIAT,12.20
MUNJALAU,16.05
CELLECOR,72.20
SBC,156.00
BALAJITELE,18.65
DIGISPICE,77.10
PENTAGON,25.15
HIRECT,105.00
STAR,565.00
TAKE,725.00
AKG,20.65
SOMATEX,18.00
IREDA,32.10
VISAKAIND,122.55
SWELECTES,100.40
EMIL,860.00
APCL,173.00
INOXWIND,166.60
MAHSEAMLES,433.30
TIPSINDLTD,776.50
THYROCARE,412.00
RPPINFRA,591.20
ZENITHSTL,98.50
AARVI,7.35
SBCL,116.15
SHAHALLOYS,483.25
ROLLT,55.30
NAGAFERT,1.20
MARSHALL,9.55
SPECTRUM,25.00
OMAXE,"1,353.00"
TARC,78.30
ALOKINDS,128.00
TECHIN,26.05
TGBHOTELS,21.20
DCMNVL,12.95
AIRAN,177.25
GATECHDVR,22.20
ANKITMETAL,3.50
MADHUCON,3.50
MICEL,7.00
AARVEEDEN,37.15
TIPSFILMS,23.20
NBCC,617.05
RBZJEWEL,106.00
INVENTURE,138.25
VIVIDHA,2.30
PAYTM,1.15
SIGMA,336.25
CANARYS,341.10
MONARCH,27.00
VCL,490.00
VIKASECO,1.10
ASIANENE,3.30
BIGBLOC,239.55
DBREALTY,167.00
ATLANTAA,215.60
RPOWER,18.50
SEPC,19.50
EIMCOELECO,16.25
BYKE,"1,335.00"
NITIRAJ,56.30
TOKYOPLAST,153.00
OILCOUNTUB,95.75
AURIONPRO,26.80
PALASHSECU,"1,792.00"
KRITINUT,103.55
SUULD,81.05
SEL,7.45
COMPINFO,250.00
TVVISION,5.30
GVKPIL,5.30
KARMAENG,9.50
BVCL,59.00
SYNCOMF,49.50
SRPL,11.55
ORIENTALTL,1.05
ZENTEC,8.40
PLATIND,814.50
WELINV,167.50
SALASAR,715.00
UNIVASTU,18.80
BAFNAPH,135.60
PAISALO,78.00
BAGFILMS,107.05
URAVI,8.30
PRAKASHSTL,256.20
MITTAL,7.25
SAMPANN,2.05
NDRAUTO,18.35
SHAH,716.55
RANEENGINE,3.05
BUTTERFLY,299.00
MORARJEE,756.00
GANGAFORGE,18.20
LATTEYS,9.10
VIKASLIFE,15.15
NORBTEAEXP,5.05
PILITA,11.10
V2RETAIL,11.10
ACCURACY,335.00
SUMIT,9.00
NEXTMEDIA,51.00
AJOONI,6.00
RTNPOWER,5.00
DRCSYSTEMS,8.00
GTL,16.00
ARCHIES,10.95
ALANKIT,29.85
URJA,15.90
DIGIDRIVE,18.85
ASHAPURMIN,34.70
JAYNECOIND,306.00
BIL,43.55
PRAXIS,261.05
SIKKO,16.80
GLOBALVECT,63.20
SARVESHWAR,105.65
NETWEB,10.85
HPIL,"1,362.05"
GALLANTT,125.05
SABEVENTS,178.10
MOKSH,5.90
UNITECH,17.65
SHREERAMA,9.80
ESSARSHPNG,21.50
JHS,20.50
FCSSOFT,17.55
AGNI,3.90
IEL,58.50
LANCORHOL,9.75
IRIS,46.80
APS,106.15
NILAINFRA,199.50
SCI,10.70
ABAN,189.55
PVP,56.35
DHANBANK,30.10
SHIVAMAUTO,38.80
TREEHOUSE,33.95
JYOTISTRUC,22.30
IL&FSENGG,19.35
ENERGYDEV,33.85
NPST,20.30
BGRENERGY,"1,025.00"
VR,39.60
SURANASOL,84.75
LOTUSEYE,29.85
NDL,56.80
MEP,30.80
MANAKSTEEL,11.55
ONEPOINT,54.85
CINELINE,47.15
ORTINLAB,105.75
MCLEODRUSS,17.30
MAGNUM,25.95
CENTEXT,49.00
COUNCODOS,18.25
SUZLON,4.80
RATEGAIN,35.50
SADBHAV,705.00
REMSONSIND,23.00
PIGL,855.50
AKANKSHA,55.55
GSTL,74.70
MUKKA,47.85
JPPOWER,34.45
TV18BRDCST,14.35
NUCLEUS,44.00
WANBURY,"1,158.10"
SAGARDEEP,125.25
DHRUV,23.90
CORDSCABLE,97.50
VLEGOV,140.45
MKPL,53.50
NAGREEKEXP,37.25
OSIAHYPER,28.65
CTE,28.65
HUBTOWN,98.35
SPMLINFRA,110.75
MUKTAARTS,92.60
PARSVNATH,73.50
TFCILTD,11.45
SARTELE,179.35
MOTISONS,194.60
APOLLO,134.45
MODIRUBBER,98.20
ARVEE,79.10
MUFIN,127.70
AKI,160.05
IITL,19.05
AAATECH,192.40
BLAL,81.90
BEDMUTHA,209.50
MARINE,189.50
LAL,84.75
MSPL,347.55
AKSHARCHEM,25.70
PARACABLES,261.75
WEL,67.55
JAINAM,443.30
SWSOLAR,120.80
HSCL,488.90
WALCHANNAG,272.00
MAXIND,181.65
SCHNEIDER,194.00
NDGL,583.80
ADANIPOWER,"2,012.65"
GENSOL,501.90
TARMAT,788.00
JAIBALAJI,96.00
JUBLINDS,"1,003.55"
WEBELSOLAR,"1,148.00"
KPIGREEN,320.20
IWEL,"1,473.65"
KODYTECH,"5,074.30"
TATAINVEST,883.55
AKSHAR,"7,947.05"
LGHL,2.85
TRIL,314.45
ADROITINFO,304.95
INDOWIND,15.20
SADHAV,20.90
CUPID,162.45
SKYGOLD,"2,219.10"
GET&D,892.95
SMLT,862.45
SOFTTECH,214.65
INOXGREEN,269.70
RPPL,114.90
LFIC,86.40
BBOX,172.80
GSS,209.80
VASWANI,123.40
MCL,36.05
RVHL,31.30
UNIINFO,40.75
EUROTEXIND,37.90
PFS,18.00
VINEETLAB,34.10
BANG,47.35
GREENPOWER,45.45
BHANDARI,17.90
RAJMET,7.50
LYPSAGEMS,10.30
DEEM,5.60
FCONSUMER,111.00
SHRENIK,0.90
AVALON,0.90
HUDCO,470.00
NEWGEN,155.30
GPTINFRA,676.05
PGIL,137.00
CREATIVE,560.10
STARCEMENT,625.00
CADSYS,181.00
KKCL,193.05
SOUTH-RE,621.55
CHALET,3.15
DOLLEX,681.05
NINSYS,39.35
LAWSIKHO,429.00
TOUCHWOOD,187.50
ONELIFECAP,118.25
CLOUD,14.35
ZEAL,55.00
LEXUS,184.35
ZENITHDRUG,35.10
KONTOR,58.60
INDSWFTLAB,59.65
PRAMARA,93.00
YUDIZ,82.65
IPL,65.50
